"p","mecanismo","rep","int_sin_sol","int_vacia","ext_sin_sol","nucleo_vacio","nucleo_vacio_sin_fallos"
0.05,"MCAR",1,0,0,0,FALSE,FALSE
0.05,"MCAR",2,0,0,0,FALSE,FALSE
0.05,"MCAR",3,0,0,0,FALSE,FALSE
0.05,"MCAR",4,0,0,0,FALSE,FALSE
0.05,"MCAR",5,0,0,0,TRUE,TRUE
0.1,"MCAR",1,0,0,NA,FALSE,FALSE
0.1,"MCAR",2,0,0,0,FALSE,FALSE
0.1,"MCAR",3,0,0,NA,TRUE,TRUE
0.1,"MCAR",4,0,0,0,TRUE,TRUE
0.1,"MCAR",5,0,0,NA,FALSE,FALSE
0.2,"MCAR",1,0,0,NA,TRUE,TRUE
0.2,"MCAR",2,0,0,NA,TRUE,TRUE
0.2,"MCAR",3,0,0,NA,TRUE,TRUE
0.2,"MCAR",4,0,0,NA,TRUE,TRUE
0.2,"MCAR",5,0,0,NA,TRUE,TRUE
0.05,"MNAR_alto",1,0,0,0,FALSE,FALSE
0.05,"MNAR_alto",2,0,0,0,FALSE,FALSE
0.05,"MNAR_alto",3,0,0,0,FALSE,FALSE
0.05,"MNAR_alto",4,0,0,0,FALSE,FALSE
0.05,"MNAR_alto",5,0,0,0,FALSE,FALSE
0.1,"MNAR_alto",1,0,0,0,FALSE,FALSE
0.1,"MNAR_alto",2,0,0,0,FALSE,FALSE
0.1,"MNAR_alto",3,0,0,0,FALSE,FALSE
0.1,"MNAR_alto",4,0,0,0,FALSE,FALSE
0.1,"MNAR_alto",5,0,0,0,FALSE,FALSE
0.2,"MNAR_alto",1,0,0,0,FALSE,FALSE
0.2,"MNAR_alto",2,0,0,0,FALSE,FALSE
0.2,"MNAR_alto",3,0,0,NA,TRUE,TRUE
0.2,"MNAR_alto",4,0,0,NA,TRUE,TRUE
0.2,"MNAR_alto",5,0,0,NA,TRUE,TRUE
0.05,"MNAR_bajo",1,0,0,0,FALSE,FALSE
0.05,"MNAR_bajo",2,0,0,0,FALSE,FALSE
0.05,"MNAR_bajo",3,0,0,0,FALSE,FALSE
0.05,"MNAR_bajo",4,0,0,0,FALSE,FALSE
0.05,"MNAR_bajo",5,0,0,0,FALSE,FALSE
0.1,"MNAR_bajo",1,0,0,0,FALSE,FALSE
0.1,"MNAR_bajo",2,0,0,0,FALSE,FALSE
0.1,"MNAR_bajo",3,0,0,0,FALSE,FALSE
0.1,"MNAR_bajo",4,0,0,0,TRUE,TRUE
0.1,"MNAR_bajo",5,0,0,NA,TRUE,TRUE
0.2,"MNAR_bajo",1,0,0,NA,TRUE,TRUE
0.2,"MNAR_bajo",2,0,0,NA,TRUE,TRUE
0.2,"MNAR_bajo",3,1,0,NA,TRUE,TRUE
0.2,"MNAR_bajo",4,0,0,NA,TRUE,TRUE
0.2,"MNAR_bajo",5,0,0,NA,TRUE,TRUE
