"","country","ISO3","party.name","party.abb","ID.PPDB","ID.ManifProj","founding.year","election.year","nr.MPs","share.below30","share.below35","share.below40","share.40to60","share.above60","median.age","mean.age","ARI30","ARI35","ARI40","ARI40to60","ARI60","share.women","party.age","Youth.index","Elec.system","Gdp.per.cap","Manifesto.rile","Manifesto.progcons","Median.age","Min.age.parl","Decentralization","Inclusiveness"
"1","Australia","AUS","Labor Party","ALP","1001","63320",1946,2019,69,0,4.35,14.49,73.91,11.59,49.28,50,0,0.13915547024952,0.359553349875931,2.29462899720584,0.421607857402692,40.58,73,0.7,3,49265.6135,-34.39,-11.163,36.257,18,0.5,0.833333333333333
"2","Australia","AUS","Liberal Party","LPA","1002","63620",1946,2019,44,0,0,11.36,72.73,15.91,50.54,49.98,0,0,0.281885856079404,2.25799441167339,0.578755911240451,22.73,73,0.7,3,49265.6135,12.24,9.636,36.257,18,0.166666666666667,0.375
"3","Australia","AUS","National Party","NPA","1003","63810",1946,2019,10,0,0,0,80,20,55.28,55.48,0,0,0,2.48370071406396,0.727537286285922,10,73,1,3,49265.6135,-5,3.974,36.257,18,0.75,0.666666666666667
"4","Austria","AUT","Social Democratic","SPÖ","2001","42320",1949,2017,56,1.79,8.93,16.07,71.43,12.5,50.54,49.77,0.0880039331366765,0.314658210007047,0.444168048645661,2.044947036931,0.432675666320526,NA,68,1,9,42988.0709,-39.424,-17.803,42.268,18,0.25,0.5
"5","Austria","AUT","Party People's Party","ÖVP","2002","42520",1949,2017,74,9.46,13.51,21.62,63.51,14.86,48.39,48.62,0.465093411996067,0.476039464411557,0.597567716970702,1.81820784425995,0.514364832121841,NA,68,1,9,42988.0709,2.086,12.239,42.268,18,0.25,0.25
"6","Austria","AUT","Freedom Party","FPÖ","2003","42420",1949,2017,59,3.39,10.17,23.73,66.1,10.17,48.99,47.97,0.166666666666667,0.358350951374207,0.655887230514096,1.89235614085313,0.35202492211838,NA,68,0.7,9,42988.0709,2.703,14.414,42.268,18,0.25,0.5
"7","Austria","AUT","NEOS","NEOS","2007","42430",2013,2017,12,16.67,16.67,50,41.67,8.33,41.25,41.94,0.819567354965585,0.58738548273432,1.38197899391929,1.19295734325794,0.288335064035999,NA,4,0.4,9,42988.0709,-10.077,-17.932,42.268,18,0,0.75
"8","Belgium","BEL","New Flemish Alliance","N-VA","3001","21916",2003,2019,28,0,10.71,35.71,64.29,0,42.69,43.51,0,0.405989385898408,1.03208092485549,1.90263391535957,0,NA,16,0.4,9,39352.1633,4.78,1.346,40.58,18,0.5,0.666666666666667
"9","Belgium","BEL","Socialist Party","PS","3002","21322",1978,2019,25,8,12,20,64,16,46.81,47.49,0.437876299945265,0.45489006823351,0.578034682080925,1.89405149452501,0.506008855154965,NA,41,0.7,9,39352.1633,-23.041,-10.652,40.58,18,0.8,0.5
"10","Belgium","BEL","Christian-Democrat and Flemish","CD&V","3003","21521",1968,2019,15,0,13.33,13.33,73.33,13.33,46.3,43.41,0,0.505307050796058,0.385260115606936,2.17016868896123,0.42156862745098,NA,51,0.4,9,39352.1633,-11.903,-16.941,40.58,18,0.4,0.583333333333333
"11","Belgium","BEL","Open Flemish Liberals and Democrats","openVLD","3006","21421",1971,2019,15,0,6.67,13.33,73.33,13.33,45.82,48.11,0,0.252843062926459,0.385260115606936,2.17016868896123,0.42156862745098,NA,48,0.4,9,39352.1633,-8,-9.402,40.58,18,1,0.75
"12","Belgium","BEL","Flemish Interest","VB","3007","21914",1978,2019,18,5.56,22.22,50,50,0,42.07,42.09,0.304324028461959,0.842304776345716,1.44508670520231,1.47972773009766,0,NA,41,0.4,9,38766,8.387,19.235,40.535,18,0.25,0.5
"13","Belgium","BEL","Green","groen!","3010","21112",1981,2019,29,3.45,27.59,44.83,51.72,3.45,41.15,41.16,0.188834154351396,1.04586808188021,1.29566473988439,1.53063036401302,0.109108159392789,NA,38,0.4,9,39352.1633,-21.849,-21.716,40.58,18,0.75,0.6
"14","Belgium","BEL","Workers' Party of Belgium","PTB/PVDA","3015","21230",2014,2019,12,0,16.67,25,66.67,8.33,47.92,47.22,0,0.631918119787718,0.722543352601156,1.97306895531222,0.263440860215054,NA,5,0.4,9,39352.1633,-33.686,-29.322,40.58,18,NA,NA
"15","Canada","CAN","Liberal Party","LP","4001","62420",1945,2019,155,1.29,5.81,14.19,62.58,23.23,51.6,52.2,0.0653826659908768,0.20522783468739,0.385597826086957,1.88550768303706,0.77407530823059,32.9,74,0.4,1,44591.6417,-20.683,-16.443,39.785,18,0.285714285714286,0.444444444444444
"16","Canada","CAN","New Democratic Party","NDP","4002","62320",1945,2019,24,4.17,4.17,20.83,58.33,20.83,47.42,49.06,0.2113532691333,0.147297774637937,0.566032608695652,1.75745706538114,0.694101966011329,37.5,74,1,1,44591.6417,-9.674,-16.194,39.785,18,0.5,0.666666666666667
"17","Canada","CAN","Conservative Party","CP","4004","62623",2004,2019,115,3.48,9.57,17.39,60,22.61,53.11,51.24,0.176381145463761,0.338043094312964,0.472554347826087,1.80777342573064,0.753415528157281,19.13,15,0,1,44591.6417,29.016,13.99,39.785,18,0.6,0.642857142857143
"18","Croatia","HRV","Croatian Democratic Union","HDZ","29003","81711",1990,2020,62,0,3.23,16.13,72.58,11.29,51.24,50.16,0,0.134695579649708,0.499845057328788,2.20340012143291,0.32451853981029,30.65,30,1,9,21232.3607,-2.137,-1.592,42.724,18,0.375,0.375
"19","Czech Republic","CZE","Social Democratic Party","ČSSD","5001","82320",1992,2017,17,0,0,23.53,52.94,23.53,47.25,48.12,0,0,0.687207943925234,1.54254079254079,0.748171701112878,NA,25,1,9,29997.7582,-36.552,-6.38,41.132,21,0.454545454545455,0.576923076923077
"20","Czech Republic","CZE","Civic Democratic Party","ODS","5002","82413",1992,2017,27,0,0,11.11,70.37,18.52,50.88,51.93,0,0,0.324474299065421,2.05040792540793,0.588871224165342,NA,25,0.4,9,29997.7582,2.186,-4.098,41.132,21,NA,NA
"21","Czech Republic","CZE","Communist Party","KSČM","5004","82220",1990,2017,16,0,6.25,18.75,56.25,25,53.06,52.2,0,0.253652597402597,0.547605140186916,1.63898601398601,0.794912559618442,NA,27,0,9,29997.7582,-40.209,-11.229,41.132,21,0.5,0.5
"22","Czech Republic","CZE","Christian Democratic Union","KDU-ČSL","5005","82523",1992,2017,10,0,0,20,70,10,43.35,45.37,0,0,0.58411214953271,2.03962703962704,0.317965023847377,NA,25,0,9,29997.7582,-21.337,1.028,41.132,21,0.428571428571429,0.611111111111111
"23","Czech Republic","CZE","Action of Dissatisfied Citizens","ANO","5006","82430",2013,2017,87,2.3,10.34,20.69,62.07,17.24,48.8,49.34,0.140845070422535,0.419642857142857,0.604264018691589,1.80856643356643,0.548171701112877,NA,4,0,9,29997.7582,-13.668,-0.0870000000000006,41.132,21,0.2,0.3
"24","Denmark","DNK","Liberals","V","6008","13420",1945,2019,43,0,9.3,20.93,65.12,13.95,46.84,48.77,0,0.341409691629956,0.609848484848485,1.9398272266905,0.43444409841171,NA,74,1,9,45455.5561,-17.483,0,40.918,18,1,0.625
"25","Denmark","DNK","Social Liberal Party","RV","6003","13410",1945,2019,16,12.5,31.25,43.75,50,6.25,40.65,41.86,0.634517766497462,1.14720998531571,1.2747668997669,1.48942508191838,0.194643413266895,NA,74,0.4,9,45455.5561,-19.516,-21.935,40.918,18,NA,NA
"26","Denmark","DNK","Socialist People's Party","SF","6004","13230",1960,2019,14,35.71,42.86,50,42.86,7.14,39.01,39.4,1.81269035532995,1.57342143906021,1.45687645687646,1.27673518022043,0.222360635316101,NA,59,0.4,9,45455.5561,-29.027,-20.254,40.918,18,0,0.666666666666667
"27","Denmark","DNK","Conservatives","KF","6007","13620",1945,2019,12,0,8.33,16.67,58.33,8.33,49.88,48.74,0,0.305800293685756,0.485722610722611,1.73756330056598,0.259420741202118,NA,74,0.7,9,45455.5561,-7.202,19.959,40.918,18,0.75,0.666666666666667
"28","Denmark","DNK","Danish People's Party","DF","6002","13720",1998,2019,16,0,0,6.25,75,18.75,52.9,52.78,0,0,0.182109557109557,2.23413762287757,0.583930239800685,NA,21,1,9,45455.5561,32.979,38.297,40.918,18,1,0.75
"29","Denmark","DNK","Red-Green Alliance","EL","6005","13229",1994,2019,13,15.38,30.77,38.46,23.08,38.46,51.74,49.53,0.780710659898477,1.12958883994126,1.12062937062937,0.687518617813524,1.19775770787917,NA,25,0,9,45455.5561,-38.182,-29.818,40.918,18,0.25,0.625
"30","Denmark","DNK","Social Democrats","SD-D","6001","13320",1945,2019,48,2.08,14.58,35.42,54.17,10.42,42.15,44.99,0.105583756345178,0.535242290748899,1.03205128205128,1.61364313375037,0.324509498598567,NA,74,1,9,45455.5561,-18.483,-0.385,40.918,18,1,0.75
"31","Estonia","EST","Reform Party","ER","38001","83430",1995,2019,41,0,2.44,19.51,63.41,17.07,51.48,51.19,0,0.0955364134690681,0.568473193473193,1.91860816944024,0.523138216365308,34.15,24,0.4,9,26254.202,-2.623,0.571,40.881,21,NA,NA
"32","Estonia","EST","Centre Party","K","38002","83411",1995,2019,22,0,9.09,22.73,45.45,31.82,44.43,50.99,0,0.355912294440094,0.662296037296037,1.37518910741301,0.975176218204107,36.36,24,0.7,9,26254.202,-8.324,-5.288,40.881,21,NA,NA
"33","Estonia","EST","Social Democratic Party","SDE","38003","83410",1992,2019,13,7.69,15.38,23.08,69.23,7.69,46.03,46.88,0.475572047000618,0.602192638997651,0.672494172494172,2.0947049924357,0.235672693840025,46.15,27,0.7,9,26254.202,-13.426,-6.363,40.881,21,0.45,0.458333333333333
"34","Estonia","EST","Pro Patria and Res Publica Union","RESPUB","38004","83611",2003,2019,12,0,0,8.33,91.67,0,50.77,49.13,0,0,0.242715617715618,2.77367624810893,0,8.33,16,0,9,26254.202,17.667,12.817,40.881,21,NA,NA
"35","Estonia","EST","Conservative People’s Party","EKRE","38005","83720",2015,2019,20,10,15,20,45,35,54.49,52.76,0.618429189857761,0.587314017227878,0.582750582750583,1.36157337367625,1.07263254673613,15,4,0.4,9,26254.202,31.818,9.394,40.881,21,NA,NA
"36","Finland","FIN","Centre Party","SK","7001","14810",1945,2019,31,3.23,22.58,38.71,48.39,12.9,46.83,45.98,0.182279909706546,0.883066093077825,1.15242631735636,1.55745091728355,0.365025466893039,NA,74,1,9,38366.5596,-21.687,-4.016,41.59,18,0.625,0.6
"37","Finland","FIN","True Finns Party","PS","7002","14820",1966,2019,38,2.63,13.16,21.05,73.68,13.16,47.61,47.67,0.148419864559819,0.514665623777865,0.626674605537362,2.37141937560348,0.372382569326542,NA,53,0.7,9,38366.5596,-13.809,6.753,41.59,18,0.667,0.625
"38","Finland","FIN","National Coalition Party","KK","7003","14620",1945,2019,38,5.26,21.05,38.84,57.89,5.26,44.36,45.12,0.296839729119639,0.823230348064138,1.15629651682048,1.86321210170583,0.148839841539332,NA,74,0.7,9,38366.5596,1.2,-3.2,41.59,18,0.666666666666667,0.625
"39","Finland","FIN","Social Democratic Party of Finland","SSDP","7004","14320",1945,2019,40,5,12.5,27.5,50,22.5,47.04,49.24,0.282167042889391,0.488854125928823,0.818696040488241,1.60926939169617,0.636672325976231,NA,74,0.4,9,38366.5596,-23.413,-9.852,41.59,18,0.666666666666667,0.625
"40","Finland","FIN","Green League","VL","7005","14110",1983,2019,20,15,35,40,35,15,40.36,42.52,0.846501128668172,1.3687915526007,1.19083060434653,1.12648857418732,0.424448217317487,NA,36,0,9,38366.5596,-38.601,-16.58,41.59,18,0.5,0.583333333333333
"41","Finland","FIN","Left Alliance","VAS","7006","14223",1991,2019,16,6.25,18.75,43.75,50,6.25,40.91,42.46,0.352708803611738,0.733281188893234,1.30247097350402,1.60926939169617,0.176853423882286,NA,28,0.4,9,38366.5596,-41.021,-22.006,41.59,18,0.625,0.6
"42","Finland","FIN","Swedish People's Party of Finland","RKP/SFP","7007","14901",1945,2019,10,0,0,30,60,10,51.6,48.79,0,0,0.893122953259899,1.9311232700354,0.282965478211658,NA,74,1,9,38366.5596,-14.199,-19.268,41.59,18,0.666666666666667,0.625
"43","France","FRA","Socialist Party","PS","8001","31320",1946,2017,31,0,0,3.23,67.74,29.03,54.88,54.88,0,0,0.096996996996997,2.02390200179265,0.873345367027678,38.71,71,0.4,2,37895,-28.947,-2.632,40.853,18,0.5,0.666666666666667
"44","France","FRA","The Republicans","Rep","8004","31626",2002,2017,113,4.42,9.73,14.16,61.95,23.89,53.93,52.49,0.253440366972477,0.386264390631203,0.425225225225225,1.85091126381834,0.718712394705174,23.89,15,0.4,2,37895,13.619,9.338,40.853,18,0.333333333333333,0.625
"45","France","FRA","Republic on the Move","LREM","8005","31425",2017,2017,304,5.59,18.09,30.92,58.55,10.53,45.93,46.12,0.32052752293578,0.718142119888845,0.928528528528529,1.74932775619958,0.316787003610108,47.04,0,0,2,38515.919,0,-6.906,41.218,18,0,0
"46","Germany","GER","Christian Democratic Union/Christian Social Union","CDU/CSU","9001/9006","41521",1949,2017,265,1.51,6.79,14.72,67.17,18.11,51.39,50.55,0.089667458432304,0.277823240589198,0.462311557788945,1.91859468723222,0.54630467571644,21.51,68,0.4,11,45619.7846,2.757,5.365,44.952,18,0.6625,0.655
"47","Germany","GER","Social Democratic Party","SPD","9002","41320",1949,2017,157,0,7.64,12.74,71.97,15.29,52.42,50.75,0,0.312602291325696,0.400125628140704,2.05569837189374,0.461236802413273,43.95,68,0.4,11,45619.7846,-21.453,-10.557,44.952,18,0.5,0.666666666666667
"48","Germany","GER","Alliance '90/The Greens","90/Greens","9005","41113",1994,2017,70,0,11.43,31.43,55.71,12.86,47.73,47.17,0,0.467675941080196,0.987123115577889,1.59125964010283,0.387933634992459,60,23,0.4,11,45619.7846,-21.058,-28.231,44.952,18,0.75,0.666666666666667
"49","Germany","GER","Free Democratic Party","FDP","9003","41420",1949,2017,84,3.57,15.48,35.71,54.76,9.52,46.23,45.58,0.211995249406176,0.633387888707038,1.12154522613065,1.5641245358469,0.287179487179487,23.81,68,0.4,11,45619.7846,0.578,-17.671,44.952,18,0.833333333333333,0.7
"50","Germany","GER","The Left","LINKE","9004","41223",2009,2017,69,1.45,5.8,15.94,75.46,11.59,52.5,50.2,0.086104513064133,0.237315875613748,0.500628140703518,2.15538417594973,0.349622926093514,56.52,8,0.7,11,45619.7846,-41.914,-33.13,44.952,18,0.75,0.666666666666667
"51","Germany","GER","Alternative for Germany","AfD","9008","41953",2013,2017,84,7.14,10.71,17.86,61.9,20.24,49.93,51.1,0.423990498812352,0.438216039279869,0.560929648241206,1.76806626678092,0.610558069381599,10.71,4,0.4,11,45619.7846,17.43,17.628,44.952,18,0.75,0.666666666666667
"52","Hungary","HUN","Fidesz - Hungarian Civic Alliance","FiDeSz-KDNP","10001","86421",1990,2018,133,0.75,3.01,11.28,66.92,21.8,54.01,53.35,0.0433776749566223,0.12112676056338,0.336515513126492,1.94083526682135,0.68125,NA,28,0,11,24349.9582,48.655,45.74,41.431,18,NA,NA
"53","Hungary","HUN","Movement for a Better Hungary","Jobbik","10002","86710",2010,2018,17,0,17.65,70.59,29.41,0,37.66,39.11,0,0.710261569416499,2.10590692124105,0.852958236658933,0,NA,8,0.4,11,24349.9582,-15.121,0.136000000000003,41.431,18,0.2,0.5
"54","Hungary","HUN","Socialist Party","MSzP","10005","86220",1990,2018,16,0,0,18.75,68.75,12.5,46.92,49,0,0,0.55936754176611,1.99390951276102,0.390625,NA,28,1,11,24349.9582,-19.821,-10.432,41.431,18,NA,NA
"55","Ireland","IRL","Fianna Fáil","FF","11003","53620",1948,2020,36,5.56,5.56,19.44,63.89,16.67,46.66,50.27,0.288981288981289,0.200504868373603,0.513199577613516,1.76980609418283,0.640661029976941,13.89,72,0.7,10,60544.2773,-26.758,2.854,36.123,21,0.25,0.666666666666667
"56","Ireland","IRL","Sinn Féin","SF","11004","53951",1997,2020,25,4,16,20,68,12,46.66,46.83,0.207900207900208,0.576992426974396,0.527983104540655,1.88365650969529,0.461183704842429,32,23,1,10,60544.2773,-12.514,-5.098,36.123,21,0.166666666666667,0.625
"57","Italy","ITA","Northern League","L","13002","32720",1992,2018,138,3.62,17.39,33.33,57.7,7.25,43.22,44.22,0.248115147361206,0.819509896324223,1.16538461538462,1.570922951266,0.197709299154622,NA,26,0.7,9,34364.1682,4.656,16.335,45.566,25,0,0
"58","Italy","ITA","Democratic Party","PD","13004","32440",2008,2018,122,0,5.74,19.67,64.75,15.57,49.98,50,0,0.270499528746466,0.687762237762238,1.7628641437517,0.424597763839651,NA,10,0.7,9,34364.1682,-8.275,-1.093,45.566,25,0.166666666666667,0.333333333333333
"59","Italy","ITA","Forza Italia","FI","13007","32610",1994,2018,110,1.82,5.45,12.73,73.64,13.64,50.85,50.72,0.124742974640164,0.256833176248822,0.445104895104895,2.00490062619112,0.371966184892283,NA,24,1,9,34364.1682,15.625,6.25,45.566,25,0.214,0.214
"60","Italy","ITA","Five Stars Movement","M5S","13008","32956",2013,2018,227,9.69,38.77,70.93,25.11,3.96,36.8,38.61,0.664153529814942,1.82704995287465,2.48006993006993,0.683637353661857,0.107990182710663,NA,5,0,9,34364.1682,-7.429,0.0469999999999997,45.566,25,0,0
"61","Italy","ITA","Brothers of Italy","FDI","13009","32630",2013,2018,36,0,11.11,11.11,83.33,5.56,45.95,47.09,0,0.523562676720075,0.388461538461538,2.26871766947999,0.151622579765476,NA,5,1,9,34364.1682,7.692,18.68,45.566,25,NA,1
"62","Japan","JPN","Liberal Democratic Party","LDP","22001","71620",1960,2017,283,0,1.77,6.71,55.83,37.46,56.3,56.03,0,0.0875804057397328,0.24435542607429,1.75400565504241,0.920167035126505,7.77,57,0.7,12,38414.8618,-11.142,-0.557,46.721,25,NA,1
"63","Japan","JPN","Komeito","NKP","22003","71530",1967,2017,29,0,0,3.45,58.62,37.93,59.39,56.94,0,0,0.125637290604516,1.84165881244109,0.931712110046672,13.79,50,0,12,38414.8618,-35.322,-2.389,46.721,25,0,0.5
"64","Japan","JPN","Communist Party","JCP","22004","71220",1960,2017,12,0,0,0,58.33,41.67,58.1,58,0,0,0,1.832547910776,1.02358142962417,25,57,0,12,38414.8618,-25.282,-13.093,46.721,25,NA,NA
"65","Japan","JPN","The Constitutional Democratic Party of Japan","CDP","22002","71440",2017,2017,58,0,3.45,6.9,68.97,24.14,51.1,53.28,0,0.170707570509649,0.251274581209031,2.16682375117813,0.592974699091132,24.14,0,0,12,38414.8618,-5.814,-22.092,46.721,25,NA,NA
"66","Latvia","LVA","Social Democratic Party ""Harmony""","SDPS","36001","87340",2014,2018,23,0,0,0,78.26,21.74,53.58,54.07,0,0,0,2.31675547661338,0.647409172126266,26.09,4,0,9,23132.7978,-9.859,4.225,42.609,21,NA,NA
"67","Latvia","LVA","Farmers' Union & Green Party of Latvia","LZS/LZP","36003/36004","87810/87110",2002,2018,11,0,9.09,18.18,63.64,18.18,51.88,50.44,0,0.367718446601942,0.556985294117647,1.88395500296033,0.541393686718285,18.18,16,0,9,23132.7978,-5.263,1.755,42.609,21,NA,NA
"68","Latvia","LVA","National Alliance","FORLAT","36005","87061",2010,2018,11,9.09,18.18,36.36,36.36,27.27,44.22,46.93,0.569548872180451,0.735436893203884,1.11397058823529,1.07637655417407,0.812090530077427,27.27,8,0,9,23132.7978,1.724,10.344,42.609,21,NA,NA
"69","Latvia","LVA","KPV LV","KPV LV","36008","87730",2018,2018,16,0,31.25,56.28,43.75,0,37.6,41.95,0,1.26415857605178,1.72426470588235,1.2951450562463,0,31.25,0,0,9,23132.7978,44.828,18.965,42.609,21,NA,NA
"70","Latvia","LVA","New Conservative Party","NewCONS","36009","87640",2018,2018,10,20,30,40,40,20,44.76,44.32,1.2531328320802,1.21359223300971,1.22549019607843,1.18413262285376,0.595592614651578,40,0,0,9,23132.7978,20,24.286,42.609,21,NA,NA
"71","Lithuania","LTU","Liberal Movement","LRLS","37002","88450",2008,2020,14,0,0,14.29,50,35.71,54.99,54.02,0,0,0.441185551096017,1.46842878120411,1.06406436233611,14.29,12,0.4,12,27370.5548,6.336,-4.461,43.004,21,0.25,0.6
"72","Lithuania","LTU","Social Democratic Party of Lithuania","LSDP","37005","88320",1992,2020,13,0,0,0,53.85,46.15,51.31,53.44,0,0,0,1.58149779735683,1.37514898688915,30.77,28,0.7,12,27370.5548,-21.757,-15.69,43.004,21,0.3,0.583333333333333
"73","Lithuania","LTU","Lithuanian Farmers and Greens Union","LVŽS","37006","88820",2004,2020,33,3.03,6.06,18.18,51.52,30.3,50.22,51.39,0.181328545780969,0.243667068757539,0.561284347020685,1.51306901615272,0.902860548271752,27.27,16,0,12,27370.5548,-9.775,-2.495,43.004,21,1,0.5
"74","Lithuania","LTU","Homeland Union - Lithuanian Christian Democrats","TS-LKD","37007","88621",2008,2020,51,0,9.8,31.37,37.25,31.37,48.61,49.39,0,0.39404905508645,0.968508799012041,1.09397944199706,0.934743742550656,25.49,12,0.4,12,27370.5548,4.302,-6.573,43.004,21,1,0.666666666666667
"75","Lithuania","LTU","Labour Party","DP","37008","88440",2004,2020,12,0,16.67,33.33,58.33,8.33,44.19,46.25,0,0.670285484519501,1.02902130287126,1.713069,0.248212157330155,16.67,16,0.4,12,27370.5548,-20.245,5.228,43.004,21,0.25,0.6
"76","Mexico","MEX","Ecological Green Party","PVEM","25001","171101",1997,2018,11,9.09,9.09,27.27,72.73,0,44.79,43.52,0.30949948927477,0.224777448071217,0.535861662409118,2.21940799511749,0,36.36,21,0,12,16494.079,-10.533,-6.502,27.968,21,0.375,0.5
"77","Mexico","MEX","Institutional Revolutionary Party","PRI","25002","171301",1946,2018,49,4.08,6.12,14.29,55.1,30.61,50.73,51.84,0.138917262512768,0.1513353115727,0.280801729219886,1.68141592920354,1.87331701346389,38.78,72,1,12,16494.079,-5.339,-3.892,27.968,21,NA,NA
"78","Mexico","MEX","National Regeneration Movement","MORENA","25002","171210",2015,2018,252,6.75,14.29,26.19,54.76,19.05,48.71,48.56,0.229826353421859,0.353363006923838,0.514639418353311,1.67104058590174,1.16585067319461,50.79,3,0.4,12,16494.079,15.05,-3.344,27.968,21,0.5,0.571428571428571
"79","Mexico","MEX","Party of the Democratic Revolution","PRD","25005","171305",1991,2018,12,8.33,16.67,25,66.67,8.33,46.65,45.49,0.283622744296902,0.412215628090999,0.491255649439969,2.03448275862069,0.509791921664627,66.67,27,0.4,12,16494.079,-1.911,-18.152,27.968,21,0.25,0.666666666666667
"80","Netherlands","NLD","People's Party for Freedom and Democracy","VVD","14001","22420",1946,2017,47,2.13,4.26,27.66,70.21,2.13,44.33,43.99,0.112698412698413,0.160512434061794,0.813290208762129,2.00657330665905,0.0687318489835431,27.66,71,0.7,9,47474.1095,10.953,10.562,41.554,18,0.375,0.6
"81","Netherlands","NLD","Labour Party","PvdA","14002","22320",1946,2017,11,0,9.09,27.27,72.73,0,45.91,45.51,0,0.342501883948757,0.801822993237283,2.07859388396685,0,45.45,71,0.4,9,47474.1095,-13.836,-9.36,41.554,18,0.1,0.4
"82","Netherlands","NLD","Party for Freedom","PVV","14003","22722",2006,2017,22,0,27.27,31.82,59.09,9.09,46.34,45.29,0,1.02750565184627,0.935607174360482,1.68876821949128,0.293320425943853,27.27,11,0,9,47474.1095,20,40,41.554,18,NA,NA
"83","Netherlands","NLD","Socialist Party","SP","14004","22220",1994,2017,16,6.25,50,68.75,25,6.25,35.34,38.93,0.330687830687831,1.88394875659382,2.02146427521317,0.71448985424407,0.201677960632462,31.25,23,0.4,9,47474.1095,-23.041,-2.689,41.554,18,0,0.5
"84","Netherlands","NLD","Christian Democratic Appeal","CDA","14005","22521",1977,2017,25,4,8,32,64,4,44.99,45.39,0.211640211640212,0.301431801055011,0.940899735371949,1.82909402686482,0.129073894804776,36,40,1,9,47474.1095,3.604,15.618,41.554,18,0.5,0.5
"85","Netherlands","NLD","Democrats 66","D'66","14006","22330",1967,2017,24,8.33,17,33,58.33,8.33,43.24,43.72,0.440740740740741,0.640542577241899,0.970302852102323,1.66704772792226,0.268796385930945,37.5,50,0.4,9,47474.11,-6.514,-19.464,41.554,18,0,NA
"86","Netherlands","NLD","Green Left","GL","14008","22110",1989,2017,19,5.26,21,37,57.89,5.26,47.06,45.3,0.278306878306878,0.791258477769405,1.08791531902382,1.65447270648757,0.16973217166828,47.37,28,0.4,9,47474.1095,-9.444,-23.3,41.554,18,0,0.75
"87","Norway","NOR","Labour Party","Ap","15001","12320",1945,2017,49,8.16,22.45,36.73,44.9,18.37,46.49,46.84,0.400785854616896,0.775207182320442,0.983663631494376,1.31671554252199,0.643207282913165,48.98,72,0.7,9,84056.3337,-29.793,-4.781,38.41,18,0.7,0.5
"88","Norway","NOR","Progress Party","FrP","15002","12951",1973,2017,27,6.67,25.93,40.74,59.26,0,46.38,43.12,0.327603143418468,0.895372928176796,1.09105516871987,1.73782991202346,0,25.93,44,1,9,84056.3337,14.162,-0.895000000000001,38.41,18,0.7,0.5
"89","Norway","NOR","Conservative Party","H","15003","12620",1945,2017,45,8.89,15.56,24.44,60,15.56,49.84,47.84,0.43664047151277,0.537292817679558,0.654525977504017,1.75953079178886,0.544817927170868,44.44,72,1,9,84056.3337,-7.808,0.157000000000001,38.41,18,0.7,0.642857142857143
"90","Norway","NOR","Socialist Left Party","SV","15004","12221",1961,2017,11,27.27,36.36,45.45,36.36,18.18,42.27,42.74,1.33939096267191,1.25552486187845,1.21719335832887,1.06627565982405,0.63655462184874,36.36,56,1,9,84056.3337,-28.935,-20.798,38.41,18,0.625,0.6
"91","Norway","NOR","Centre Party","Sp","15005","12810",1945,2017,19,15.79,21.05,36.84,52.63,10.53,46.44,44.08,0.775540275049116,0.726864640883978,0.986609534011784,1.54340175953079,0.368697478991597,52.63,72,1,9,84056.3337,-16.705,-3.456,38.41,18,0.7,0.583333333333333
"92","Poland","POL","Civic Coalition","KO","16001","92040",2001,2019,128,2.34,10.16,18.75,57.81,23.44,52.17,51.26,0.137162954279015,0.383975812547241,0.511456628477905,1.76465201465201,0.766764802093556,39.06,18,0.4,9,26061.1636,-17.282,-5.97,39.437,21,0.125,0.375
"93","Poland","POL","Law and Justice","PiS","16002","92436",2001,2019,236,5.88,10.17,20.34,55.51,24.15,52,50.87,0.344665885111372,0.384353741496599,0.554828150572832,1.69444444444444,0.789990186457311,22.88,18,0.4,9,26061.1636,11.179,10.905,39.437,21,0.375,0.375
"94","Poland","POL","Polish People's Party","PSL","16004","92811",1991,2019,25,0,0,12,56,32,51.62,51.96,0,0,0.327332242225859,1.70940170940171,1.04677788681714,16,28,0.4,9,26061.1636,-13.447,-3.18,39.437,21,0,0.5
"95","Poland","POL","Democratic Left Alliance","LEFT-P","16005","92023",1991,2019,44,2.27,6.82,25,54.55,20.45,45.96,48.21,0.13305978898007,0.257747543461829,0.681942171303873,1.66514041514042,0.668956493294079,40.91,28,0.7,9,26061.1636,-28.177,-16.574,39.437,21,0,0.5
"96","Portugal","PRT","Socialist Party","PS","17002","35311",1975,2019,119,2.52,10.08,19.33,63.03,17.65,48.16,49.33,0.163530175210902,0.456521739130435,0.644118627124292,1.76604090781732,0.514427280676188,38.66,44,1,9,27035.6002,-12.621,-8.486,44.016,18,0.15,0.35
"97","Portugal","PRT","Social Democratic Party","PSD","17001","35313",1975,2019,81,3.7,6.17,20.99,62.96,16.05,50.43,49.6,0.240103828682674,0.279438405797101,0.69943352215928,1.7640795741104,0.467793646167298,32.1,44,1,9,27035.6002,-4.598,-8.044,44.016,18,0.318181818181818,0.363636363636364
"98","Portugal","PRT","Left Bloc","BE","17004","35211",1999,2019,20,10,20,45,40,10,39.5,42.26,0.648929266709929,0.905797101449275,1.49950016661113,1.1207621182404,0.29146021568056,50,20,0,9,27035.6002,-34.513,-18.427,44.016,18,0.25,0.5
"99","Portugal","PRT","Communist Party","PCP","17005","35220",1975,2019,11,18.18,18.18,36.36,45.45,18.18,40.54,45.24,1.17975340687865,0.823369565217391,1.21159613462179,1.27346595685066,0.529874672107257,36.36,44,0.7,9,27035.6002,-31.77,-5.263,44.016,18,0.125,0.5
"100","Romania","ROU","Social Democratic Party","PSD","26001","93002",2008,2020,108,2.78,5.56,22.22,68.52,9.52,44.95,46.72,0.174842767295597,0.225010117361392,0.672518159806295,1.91664335664336,0.305030438961871,NA,12,1,11,20126.2922,-17.805,0.224,40.977,23,0.375,0.464285714285714
"101","Romania","ROU","National Liberal Party","PNL","26004","93430",1990,2020,81,0,18.52,30.86,66.67,1.23,44.19,44.22,0,0.749494131930392,0.934019370460048,1.86489510489511,0.0394104453700737,NA,30,1,11,20126.2922,1.471,3.921,40.977,23,0.375,0.464285714285714
"102","Romania","ROU","Democratic Alliance of Hungarians in Romania","UDMR/RMDSz","26006","93951",1990,2020,20,0,5,10,85,5,47.62,48.32,0,0.202347227842979,0.302663438256659,2.37762237762238,0.160205062479974,NA,30,1,11,20126.2922,-15.278,-12.5,40.977,23,0.375,0.464285714285714
"103","Romania","ROU","Save Romania Union","USR","26009","93440",2016,2020,42,11.9,45.24,59.52,40.48,0,38.12,38.44,0.748427672955975,1.83083771752327,1.80145278450363,1.13230769230769,0,NA,4,1,11,20126.2922,-25.047,3.796,40.977,23,0.375,0.464285714285714
"104","Serbia","SRB","Socialist Party of Serbia","SPS/JS","43004","95021",2012,2020,25,12,16,24,48,28,52.05,51.3,0.743034055727554,0.660611065235343,0.731484303565986,1.39900903526669,0.851581508515815,NA,8,1,9,14124.1177,13.873,10.405,42.295,18,0,0.4
"105","South Korea","KOR","Democratic Party","DPK","21002","113441",2016,2020,169,0.59,1.18,4.14,77.51,18.34,55.63,54.83,0.0321001088139282,0.0456479690522244,0.119618607338919,2.03224960671211,0.67302752293578,13.02,4,0,12,37093.2166,-29.767,-2.86,41.039,25,0.1,0.363636363636364
"106","Spain","ESP","People's Party","PP","18001","33610",1977,2019,68,0,5.88,11.76,80.88,7.35,49.73,50.04,0,0.265822784810127,0.381322957198444,2.12172088142707,0.236714975845411,47.06,42,1,9,30908.1195,4.481,1.179,42.406,18,0,0.5
"107","Spain","ESP","Socialist Party","PSOE","18003","33320",1977,2019,124,1.61,5.65,16.13,70.97,12.9,49.21,48.97,0.107836570663094,0.255424954792043,0.523022049286641,1.86175236096537,0.415458937198068,52.42,42,1,9,30908.1195,-28.654,-18.462,42.406,18,0.25,0.5
"108","Spain","ESP","We can","PODEMOS","18009","33210",2015,2019,29,10.34,27.59,37.93,55.17,6.9,43.88,43.97,0.692565304755526,1.24728752260398,1.2298962386511,1.44727177334732,0.222222222222222,58.62,4,0,9,30908.1195,-37.633,-19.12,42.406,18,0.75,0.666666666666667
"109","Spain","ESP","Citizens","C's","18010","33420",2015,2019,59,1.69,10.17,33.9,61.02,5.058,45.35,45.47,0.113194909578031,0.459764918625678,1.09922178988327,1.60073452256034,0.162898550724638,40.68,4,0.4,9,30908.1195,-15.293,-4.787,42.406,18,0,0.833333333333333
"110","Sweden","SWE","Social Democrats","SAP","19001","11320",1944,2018,108,4.63,15.74,26.85,57.41,10.19,46.34,45.98,0.237557721908671,0.563955571479756,0.75,1.79238214174212,0.316754740441405,49.07,74,0.4,9,45541.8921,-20,9.999,39.627,18,0.75,0.666666666666667
"111","Sweden","SWE","Left Party","V","19002","11220",1944,2018,28,7.14,25,39.29,53.57,7.14,43.77,43.72,0.366341713699333,0.895736295234683,1.09748603351955,1.67249453637215,0.22194591234069,67.86,74,0,9,45541.8921,-40.701,-29.573,39.627,18,0.75,0.666666666666667
"112","Sweden","SWE","Green Party","MP","19007","11110",1988,2018,16,18.75,50,56.25,37.5,6.25,36.39,40.48,0.962031811185223,1.79147259046937,1.57122905027933,1.17077739619107,0.194280385452285,81.25,30,0.7,9,45541.8921,-15.966,-15.126,39.627,18,0.75,0.666666666666667
"113","Sweden","SWE","Centre Party","CP","19004","11810",1944,2018,31,12.9,16.13,35.48,48.39,16.13,46.19,45.73,0.661877886095434,0.577929057685417,0.991061452513966,1.51077115204496,0.501398818775256,38.71,74,0.7,9,45541.8921,9.783,0.654,39.627,18,0.75,0.666666666666667
"114","Sweden","SWE","Liberal Party","L","19005","11420",1944,2018,21,4.76,9.52,19.05,66.67,9.52,48.2,48.06,0.244227809132889,0.341096381225367,0.532122905027933,2.0814861067749,0.29592788312092,42.86,74,0.7,9,45541.8921,-1.144,-4.08499999999999,39.627,18,0.75,0.666666666666667
"115","Sweden","SWE","Christian Democrats","Kd","19006","11520",1985,2018,23,0,17.39,26.09,56.52,17.39,48.48,46.64,0,0.623074166965245,0.72877094972067,1.76459569153918,0.540565744482437,21.74,33,0.7,9,45541.8921,-12.712,28.813,39.627,18,0.75,0.666666666666667
"116","Sweden","SWE","Moderate Party","MSP","19007","11620",1944,2018,71,9.86,18.31,28.17,63.38,5.63,46.27,45.56,0.505900461775269,0.656037262629882,0.786871508379888,1.97876990321574,0.175007771215418,54.93,74,0.7,9,45541.8921,7.562,16.318,39.627,18,0.75,0.75
"117","Sweden","SWE","Sweden Democrats","SD","19008","11710",2010,2018,62,12.9,24.19,46.77,45.16,8.06,41.43,42.44,0.661877886095434,0.866714439269079,1.30642458100559,1.4099281923197,0.250543985079266,29.03,8,0,9,45541.8921,-9.091,17.25,39.627,18,0.3,0.5
"118","Switzerland","CHE","Christian Democratic People's Party","CVP/PDC","42001","43520",1947,2019,27,0,3.7,14.81,59.26,25.93,54.52,52.16,0,0.141871165644172,0.425819436457734,1.67590497737557,0.868385800401875,29.93,72,0,9,60171.4429,-15.655,-0.959999999999999,41.372,18,0.5,0.5
"119","Switzerland","CHE","Swiss Socialist Party","SPS/PSS","42003","43320",1947,2019,39,7.69,17.95,28.21,56.41,15.38,46.85,47.44,0.441446613088404,0.688266871165644,0.811098332374928,1.59530542986425,0.515070328198259,58.97,72,0.7,9,60171.4429,-38.525,-18.033,41.372,18,0.7,0.5
"120","Switzerland","CHE","The Liberals","FDP/PLR","42002","43420",1947,2019,26,3.85,3.85,19.23,61.54,19.23,53.12,50.71,0.221010332950631,0.147622699386503,0.552903967797585,1.74038461538462,0.644005358338915,42.31,72,1,9,60171.4429,15.051,-2.168,41.372,18,0.6,0.5
"121","Switzerland","CHE","Swiss People's Party/Democratic Union of the Centre","SVP/UDC","42004","43810",1947,2019,53,1.89,3.77,22.64,64.15,13.21,50.18,49.04,0.10849598163031,0.144555214723926,0.650948821161587,1.81419683257919,0.442397856664434,26.42,72,0,9,60171.4429,41.036,14.636,41.372,18,0.6,0.5
"122","United Kingdom","GBR","Conservative Party","Conservatives","20001","51620",1945,2019,364,2.47,8.79,20.6,63.46,15.93,49.44,49.35,0.128112033195021,0.316187050359712,0.569690265486726,1.91144578313253,0.51990861618799,NA,74,0.4,1,37782.8283,-2.607,-2.338,39.063,18,0,0.625
"123","United Kingdom","GBR","Labour Party","Labour","20002","51320",1945,2019,204,2.94,7.84,20.59,53.92,25.49,51.66,51.52,0.152489626556017,0.282014388489209,0.569413716814159,1.62409638554217,0.831919060052219,NA,74,1,1,37782.8283,-27.56,-14.457,39.063,18,0.571428571428571,0.5625
"124","United Kingdom","GBR","Liberal Democrats","LibDems","20003","51421",1992,2019,11,0,0,18.18,72.73,9.09,46.26,49.56,0,0,0.502765486725664,2.19066265060241,0.296671018276762,NA,27,0.4,1,37782.8283,-21.751,-16.622,39.063,18,0.625,0.6
"125","United Kingdom","GBR","Scottish National Party","SNP","20004","51902",1992,2019,47,6.38,17.02,27.66,55.32,17.02,48.89,48.63,0.330912863070539,0.612230215827338,0.764933628318584,1.66626506024096,0.555483028720627,NA,27,0.7,1,37782.8283,-25.827,-15.268,39.063,18,0,0.666666666666667
"126","United States","USA","Democrats","Democrats","30001","61320",1920,2018,241,0.83,3.73,11.2,41.08,47.72,58.96,57.05,0.0392992424242424,0.124707455700435,0.290758047767394,1.22700119474313,1.70489460521615,37.76,98,1,1,53015,-24.662,-21.802,36.711,25,NA,NA
"127","United States","USA","Republicans","Republicans","30002","61620",1920,2018,206,0,2.43,6.8,54.85,38.35,56.87,56.45,0,0.0812437311935807,0.176531671858775,1.63829151732378,1.37013219006788,7.28,98,0,1,53015,32.969,-5.289,36.711,25,NA,NA
